{
  "evaluation_mode": "predictions",
  "test_src": "inference/GoldTest_source-tok.txt",
  "test_tgt": "inference/GoldTest_target-tok.txt",
  "samples_evaluated": 217,
  "evaluation_time_seconds": 0.16737985610961914,
  "metrics": {
    "character_error_rate": 0.25442596692605085,
    "precision": 0.36509298998569384,
    "recall": 0.32484725050916496,
    "f1_score": 0.3437963087700391,
    "correcting_recall": 0.16130190259662558,
    "correcting_precision": 0.18302783435166328,
    "total_errors": 16714,
    "correctly_corrected": 2696,
    "identified_errors": 14730
  },
  "bootstrap_cis_95": {
    "n_iterations": 1000,
    "character_error_rate": {
      "lower": 0.2121032343329942,
      "upper": 0.3254087912871936
    },
    "precision": {
      "lower": 0.33062528643807126,
      "upper": 0.39697441280913254
    },
    "recall": {
      "lower": 0.2939057354463741,
      "upper": 0.35413310412514215
    },
    "f1_score": {
      "lower": 0.31045571721627874,
      "upper": 0.3738573242576323
    },
    "correcting_recall": {
      "lower": 0.13522408112314588,
      "upper": 0.18800280065379
    },
    "correcting_precision": {
      "lower": 0.15388086375117074,
      "upper": 0.21185834926132086
    }
  },
  "predictions_file": "inference/GoldTest-inferences/GoldTest_source-tok_predictions-6-rules+neural.txt",
  "inference_method": "rules+neural",
  "uses_neural_model": false,
  "uses_kenlm": false,
  "uses_preprocessing": false,
  "uses_postprocessing": false
}