{
  "evaluation_mode": "predictions",
  "test_src": "inference/GoldTest_source.txt",
  "test_tgt": "inference/GoldTest_target.txt",
  "samples_evaluated": 217,
  "evaluation_time_seconds": 0.1251211166381836,
  "metrics": {
    "character_error_rate": 0.11881389781714927,
    "precision": 0.3388977067483991,
    "recall": 0.32459635143635984,
    "f1_score": 0.3315928990280344,
    "correcting_recall": 0.12608914812414487,
    "correcting_precision": 0.21219098400387784,
    "total_errors": 13887,
    "correctly_corrected": 1751,
    "identified_errors": 8252
  },
  "bootstrap_cis_95": {
    "n_iterations": 1000,
    "character_error_rate": {
      "lower": 0.10971676671861583,
      "upper": 0.12713615728241395
    },
    "precision": {
      "lower": 0.3085701011835213,
      "upper": 0.37193280321143485
    },
    "recall": {
      "lower": 0.2949758426877315,
      "upper": 0.35732481157004226
    },
    "f1_score": {
      "lower": 0.3016518974932231,
      "upper": 0.3644129652799365
    },
    "correcting_recall": {
      "lower": 0.10050470154707129,
      "upper": 0.1548812849592106
    },
    "correcting_precision": {
      "lower": 0.17439548574708236,
      "upper": 0.25419018859586817
    }
  },
  "predictions_file": "inference/GoldTest-inferences/GoldTest_predictions-1-rules.txt",
  "inference_method": "rules",
  "uses_neural_model": false,
  "uses_kenlm": false,
  "uses_preprocessing": false,
  "uses_postprocessing": false
}