{
  "evaluation_mode": "predictions",
  "test_src": "inference/GoldTest_source.txt",
  "test_tgt": "inference/GoldTest_target.txt",
  "samples_evaluated": 217,
  "evaluation_time_seconds": 0.1424558162689209,
  "metrics": {
    "character_error_rate": 0.34326333974067663,
    "precision": 0.28891409129571877,
    "recall": 0.3205074439085762,
    "f1_score": 0.30389184353099064,
    "correcting_recall": 0.16821487722330236,
    "correcting_precision": 0.15200416449765747,
    "total_errors": 13887,
    "correctly_corrected": 2336,
    "identified_errors": 15368
  },
  "bootstrap_cis_95": {
    "n_iterations": 1000,
    "character_error_rate": {
      "lower": 0.2905775196333334,
      "upper": 0.4272788568313899
    },
    "precision": {
      "lower": 0.26314685248984043,
      "upper": 0.3154637628197367
    },
    "recall": {
      "lower": 0.2907890595426904,
      "upper": 0.35227853247881413
    },
    "f1_score": {
      "lower": 0.27604255347067946,
      "upper": 0.33227626447708053
    },
    "correcting_recall": {
      "lower": 0.14286602218100466,
      "upper": 0.19618163724816184
    },
    "correcting_precision": {
      "lower": 0.13040281127097933,
      "upper": 0.17647385779121205
    }
  },
  "predictions_file": "inference/GoldTest-inferences/GoldTest_predictions-4-neural+lm+rules.txt",
  "inference_method": "neural+lm+rules",
  "uses_neural_model": false,
  "uses_kenlm": false,
  "uses_preprocessing": false,
  "uses_postprocessing": false
}