{
  "evaluation_mode": "predictions",
  "test_src": "inference/GoldTest_source.txt",
  "test_tgt": "inference/GoldTest_target.txt",
  "samples_evaluated": 217,
  "evaluation_time_seconds": 0.13868999481201172,
  "metrics": {
    "character_error_rate": 0.33636670441816274,
    "precision": 0.2960397458558257,
    "recall": 0.32485846089326903,
    "f1_score": 0.3097802994326277,
    "correcting_recall": 0.15165262475696695,
    "correcting_precision": 0.14630079888850295,
    "total_errors": 13887,
    "correctly_corrected": 2106,
    "identified_errors": 14395
  },
  "bootstrap_cis_95": {
    "n_iterations": 1000,
    "character_error_rate": {
      "lower": 0.28275138155219004,
      "upper": 0.42122617888148667
    },
    "precision": {
      "lower": 0.2688026959407993,
      "upper": 0.32360252133683143
    },
    "recall": {
      "lower": 0.2948489382651512,
      "upper": 0.35668770560311486
    },
    "f1_score": {
      "lower": 0.2816295767972995,
      "upper": 0.3390907522718318
    },
    "correcting_recall": {
      "lower": 0.12700569406216802,
      "upper": 0.17924143792206063
    },
    "correcting_precision": {
      "lower": 0.12282201647994298,
      "upper": 0.17366393543949318
    }
  },
  "predictions_file": "inference/GoldTest-inferences/GoldTest_predictions-3-neural+lm.txt",
  "inference_method": "neural+lm",
  "uses_neural_model": false,
  "uses_kenlm": false,
  "uses_preprocessing": false,
  "uses_postprocessing": false
}